FirstName,LastName,Email,Mobile,Gender,Location,Status,Image,DateCreated,DateUpdated
Amit Kumar,Das,amitdas1880@gmail.com,7808780260,Male,JAMSHEDPUR,Active,image-1718997969723.young.png,Sat Jun 22 2024 12:28:02 GMT+0530 (India Standard Time),Sat Jun 22 2024 12:56:09 GMT+0530 (India Standard Time)
Anushka,Sharma,anuViratSharma@gmail.com,4567891230,Female,Mumbai,Active,image-1718996390581.businesswoman.png,Sat Jun 22 2024 12:29:50 GMT+0530 (India Standard Time),Sat Jun 22 2024 12:53:41 GMT+0530 (India Standard Time)
Rohit,Sharma,hitMan@gmail.com,8529630147,Male,Mumbai,InActive,image-1718996451549.boy.png,Sat Jun 22 2024 12:30:51 GMT+0530 (India Standard Time),-
Lokesh,Rahul,KLRahul@gmail.com,4561237999,Male,Banglore,InActive,image-1718997504088.middle-man.png,Sat Jun 22 2024 12:32:46 GMT+0530 (India Standard Time),Wed Jul 10 2024 01:05:57 GMT+0530 (India Standard Time)
Rupai,Das,DasRupai2001@gmail.com,9800426358,Female,Bankura,Active,image-1718998006675.doctor.png,Sat Jun 22 2024 12:55:45 GMT+0530 (India Standard Time),Sat Jun 22 2024 12:56:46 GMT+0530 (India Standard Time)
Virat ,Kohli,Viratkohli@gmail.com,8529630247,Male,Delhi,Active,image-1720538707602.first-man.png,Sat Jun 22 2024 12:03:26 GMT+0530 (India Standard Time),Tue Jul 09 2024 08:55:07 GMT+0530 (India Standard Time)
Susmita,Das,susmita2023@gmail.com,8596741230,Female,Bankura,InActive,image-1720553847735.lady.png,Wed Jul 10 2024 01:07:27 GMT+0530 (India Standard Time),-